{"cameraMode":{"drawMode":0,"name":"Shaded","section":"Shading Mode"},"sceneLighting":false,"audioPlay":false,"sceneViewState":{"m_AlwaysRefresh":false,"showFog":true,"showSkybox":false,"showFlares":true,"showImageEffects":true,"showParticleSystems":true,"showVisualEffectGraphs":true,"m_FxEnabled":true},"in2DMode":false,"pivot":{"x":1.2052128314971924,"y":1.6478081941604615,"z":-1.0065256357192994},"rotation":{"x":0.02623039297759533,"y":0.9191468954086304,"z":-0.06214023008942604,"w":0.38813748955726626},"size":2.7697577476501467,"orthographic":false}